"category";"shop_sku";"name [fr]";"attribut_marque";"description [fr]";"ean";"media";"media1";"media2";"media3";"couleurboutique";"attribut_materiautoilescadresetchassis";"line_number";"errors"
"couverturepiscine";"100373";"Bâche hiver pour piscine Lima - 580 gr/m² - Bleu";"marquehabitatetjardin";"Descriptif :  Bâche hiver pour piscine Lima octogonale allongée - illet tous les mètres - Bleue dessus - Livrée avec crochets plastiques hors sol - Protection de votre bassin contre salissures et feuilles - très résistante - légère et facile à mettre en place.Matière :  Polyéthylène tissé 280 gr/m².Dimensions de la bâche :  10.50 x 3.17 m.Colisage :  1 colis : - 1 x 1 x 1 m, 1 kg.";"3700746471115";"https://i.habitatetjardin.com/files/produits/641/bache_hiver_max.jpg";"";"";"";"couleurrootbleu";"";"65";"MCM-05000|The 'media' attribute is required."
"piscinetubulaire";"101586";"Piscine tubulaire LUDO 3 - 5.49 x 2.74 x 1.32 m - filtration à  sable 4,1m3/H";"marquehabitatetjardin";"La Piscine structure métal rectangulaire Ludo est l'élément indispensable pour créer un espace détente de qualité. Son design allie toute la beauté d'une piscine creusée mais avec l'avantage d'être démontable. Son large espace pour nager et son système de pompe à filtre rendent la piscine accueillante et conviviale ; en somme, le meilleur endroit pour se relaxerDescriptif piscineMatériaux :  - Matériaux PVC composés de 3 couches - Durabilité accrue grâce à deux couches de PVC laminé qui renferment un maillage de polyester garantissant une plus grande résistance aux ultraviolets et au chlore. Cadre en métal résistant à la rouille - Construction tubulaire en acier avec revêtement de protection anti-corrosion - Parois latérales en PVC résistant (extérieur) et laminé de polyester (intérieur) .Dimensions (L x l x H m) :  5.49 x 2.74 x 1.32 mDimensions hors tout: 6,52 x 3,83 x 1,32 cm.Filtration :  Groupe de filtration à sable 4.1 m3/h - Sable non inclus.Jambes de force :  Châssis en métal galvanisé antirouille.Volume (m3) :  18 m3.Nombres de colis :  1.Poids (kg) :  139 kg.EquipementsEchelle :  Oui.Tapis de sol :  Oui.Bâche de protection :  Oui.Bâche été :  Non.Kit matériel d'entretien :  Oui.Kit traitement de l'eau :  Non.Robot nettoyeur de fond :  Non.DVD de montage :  Non.Accessoires divers :  - Valve de vidange raccordable à un tuyau d'arrosage pour une vidange confortable- Raccord pratique et verrouillable sur le côté extérieur de la piscine.Conseils pratiquesTemps de montage :  90 à 120 min.Restriction d'usage :  Ne convient pas aux enfants de moins de 36 mois - A utiliser sous la surveillance d'un adulte - Réservé à un usage domestique.Normes :  EN 16582-1EN 16582-3.Forme :  Rectangulaire.Catégorie Bassin :  Rectangulaire de 5 à 7 m.Profondeur :  de 1.20 m à 1.30 m.Colisage :  1 colis : - 0,648 x 0,553 x 1,549 m, 139,18 kg.Modèle :  Tubulaire.";"3700746437951";"https://i.habitatetjardin.com/files/produits/1313/piscine-tubulaire-80093e_vue0.jpg";"https://i.habitatetjardin.com/files/produits/1313/piscine-tubulaire-80093e_vue1.jpg";"https://i.habitatetjardin.com/files/produits/1313/piscine-tubulaire-80093e_vue2.jpg";"https://i.habitatetjardin.com/files/produits/1313/piscine-tubulaire-80093e_vue3.jpg";"";"";"166";"MCM-04031|The product identifiers match multiple products from the same provider."
"couverturepiscine";"106122";"Bâche à bulles  pour piscine Venecia - 180 µ - bleu";"marquehabitatetjardin";"Descriptif :  Forme octogonale - 180 microns.Dimensions de la bâche :  4.84 x 4.84 m.Colisage :  1 colis : - 11 x 1 x 1 m, 1 kg.";"3700746485969";"https://i.habitatetjardin.com/files/produits/1206/1206_61834_vue0.jpg";"";"";"";"couleurrootbleu";"";"447";"MCM-05000|The 'media' attribute is required."
"accessoiresdejardin";"106697";"Batterie YardForce 40 V 2.5 Ah";"marquehabitatetjardin";"Cette batterie Lithium-ion Samsung 25R est compatible avec la gamme de produit Yardforce  - Tension 40V - Capacité : 2.5 Ah  - Poids: 2 kg - Garantie 2 ans Colisage :  1 colis : - 0,13 x 0,135 x 0,105 m, 2,2 kg.";"6939500728340";"https://i.habitatetjardin.com/files/produits/1447/divers-103994_vue1_Taille_2.jpg";"";"";"";"";"";"489";"MCM-05000|The 'media' attribute is required."
"couverturepiscine";"106732";"Bâche hiver pour piscine Caimans - 280 gr/m² - Bleu";"marquehabitatetjardin";"Descriptif :  Bâche hiver pour piscine Caimans octogonale allongée - illet tous les mètres - Bleue dessus - Livrée avec crochets plastiques hors sol - Protection de votre bassin contre salissures et feuilles - très résistante - légère et facile à mettre en place.Matière :  Polyéthylène tissé 280 gr/m².Dimensions de la bâche :  4.30 X 3.20 m.Dimensions de la piscine :  4.10 X 3.00 m.Colisage :  1 colis : - 1 x 1 x 1 m, 1 kg.";"3700746487765";"https://i.habitatetjardin.com/files/produits/641/bache_hiver_max.jpg";"";"";"";"couleurrootbleu";"";"491";"MCM-05000|The 'media' attribute is required."
"couverturepiscine";"106733";"Bâche hiver pour piscine Tobago - 280 gr/m² - Bleu";"marquehabitatetjardin";"Descriptif :  Bâche hiver pour piscine Tobago octogonale allongée - illet tous les mètres - Bleue dessus - Livrée avec crochets plastiques hors sol - Protection de votre bassin contre salissures et feuilles - très résistante - légère et facile à mettre en place.Matière :  Polyéthylène tissé 280 gr/m².Dimensions de la bâche :  6.40 x 3.20 m.Dimensions de la piscine :  6.20 x 3.00 m.Colisage :  1 colis : - 1 x 1 x 1 m, 7 kg.";"3700746487932";"https://i.habitatetjardin.com/files/produits/641/bache_hiver_max.jpg";"";"";"";"couleurrootbleu";"";"492";"MCM-05000|The 'media' attribute is required."
"couverturepiscine";"117531";"Bâche à bulles pour Panama - 180 µ - Bleu";"marquehabitatetjardin";"Descriptif :  Bâche à bulles bleu pour Panama octogonale - Préserve la propreté de votre bassin - Absorbe l'énergie solaire - Rétention de la chaleur accumulée - Élimine l'évaporation d'eau - Évite la photosynthèse - Réduit l'utilisation des produits chimiques - Maintient la température la nuit.Matière :  Polyéthylène 180 µ.Dimensions de la bâche :  5.67 x 3.57 m.Colisage :  1 colis : - 1 x 1 x 1 m, 5 kg.";"3700746488038";"https://i.habitatetjardin.com/files/produits/641/bache_ete_max.jpg";"";"";"";"couleurrootbleu";"";"494";"MCM-05000|The 'media' attribute is required."
"couverturepiscine";"117532";"Bâche à bulles pour Panama - 400 µ - Bordée 1 coté - Bleu";"marquehabitatetjardin";"Descriptif :  Bâche à bulles bleu pour Panama octogonale - Préserve la propreté de votre bassin - Absorbe l'énergie solaire - Rétention de la chaleur accumulée - Élimine l'évaporation d'eau - Évite la photosynthèse - Réduit l'utilisation des produits chimiques - Maintient la température la nuit.Matière :  Polyéthylène 400 µ.Dimensions de la bâche :  5.67 x 3.57 m.Colisage :  1 colis : - 1 x 1 x 1 m, 8 kg.";"3700746488045";"https://i.habitatetjardin.com/files/produits/641/bache_ete_max.jpg";"";"";"";"couleurrootbleu";"";"495";"MCM-05000|The 'media' attribute is required."
"couverturepiscine";"117540";"Bâche à bulles pour aruba - 400 µ - Bordée 1 coté - Bleu";"marquehabitatetjardin";"Descriptif :  Bâche à bulles bleu pour Aruba octogonale - Préserve la propreté de votre bassin - Absorbe l'énergie solaire - Rétention de la chaleur accumulée - Élimine l'évaporation d'eau - Évite la photosynthèse - Réduit l'utilisation des produits chimiques - Maintient la température la nuit.Matière :  Polyéthylène 400 µ.Dimensions de la bâche :  4.47 x 2.47 m.Colisage :  1 colis : - 1 x 1 x 1 m, 6 kg.";"3700746487895";"https://i.habitatetjardin.com/files/produits/641/bache_ete_max.jpg";"";"";"";"couleurrootbleu";"";"498";"MCM-05000|The 'media' attribute is required."
"couverturepiscine";"117541";"Bâche à bulles pour Aruba - 180 µ - Bleu";"marquehabitatetjardin";"Descriptif :  Bâche à bulles bleu pour Aruba octogonale - Préserve la propreté de votre bassin - Absorbe l'énergie solaire - Rétention de la chaleur accumulée - Élimine l'évaporation d'eau - Évite la photosynthèse - Réduit l'utilisation des produits chimiques - Maintient la température la nuit.Matière :  Polyéthylène 180 µ.Dimensions de la bâche :  4.47 x 2.47 m.Colisage :  1 colis : - 1 x 1 x 1 m, 5 kg.";"3700746487901";"https://i.habitatetjardin.com/files/produits/641/bache_ete_max.jpg";"";"";"";"couleurrootbleu";"";"499";"MCM-05000|The 'media' attribute is required."
"couverturepiscine";"117542";"Bâche hiver pour piscine Aruba - 580 gr/m² - Bleu";"marquehabitatetjardin";"Descriptif :  Bâche hiver pour piscine Aruba octogonale allongée - illet tous les mètres - Bleue dessus - Livrée avec crochets plastiques hors sol - Protection de votre bassin contre salissures et feuilles - très résistante - légère et facile à mettre en place.Matière :  Polyéthylène tissé 580 gr/m².Dimensions de la bâche :  5.70 x 3.70 m.Dimensions de la piscine :  5.00 x 3.00 m.Colisage :  1 colis : - 1 x 1 x 1 m, 10 kg.";"3700746487918";"https://i.habitatetjardin.com/files/produits/641/bache_hiver_max.jpg";"";"";"";"couleurrootbleu";"";"500";"MCM-05000|The 'media' attribute is required."
"couverturepiscine";"118105";"Bâche hiver pour piscine Tobago - 580 gr/m² - Bleu";"marquehabitatetjardin";"Descriptif :  Bâche hiver pour piscine Tobago octogonale allongée - illet tous les mètres - Bleue dessus - Livrée avec crochets plastiques hors sol - Protection de votre bassin contre salissures et feuilles - très résistante - légère et facile à mettre en place.Matière :  Polyéthylène tissé 580 gr/m².Dimensions de la piscine :  6.20 X 3.00 m.Colisage :  1 colis : - 1 x 1 x 1 m, 10 kg.";"3700746487949";"https://i.habitatetjardin.com/files/produits/641/bache_hiver_max.jpg";"";"";"";"couleurrootbleu";"";"501";"MCM-05000|The 'media' attribute is required."
"couverturepiscine";"118106";"Bâche à bulles pour Tobago - 180 µ - Bleu";"marquehabitatetjardin";"Descriptif :  Bâche à bulles bleu pour Tobago octogonale - Préserve la propreté de votre bassin - Absorbe l'énergie solaire - Rétention de la chaleur accumulée - Élimine l'évaporation d'eau - Évite la photosynthèse - Réduit l'utilisation des produits chimiques - Maintient la température la nuit.Matière :  Polyéthylène 180 µ.Dimensions de la bâche :  5.67 x 2.47 m.Colisage :  1 colis : - 1 x 1 x 1 m, 4 kg.";"3700746487956";"https://i.habitatetjardin.com/files/produits/641/bache_ete_max.jpg";"";"";"";"couleurrootbleu";"";"502";"MCM-05000|The 'media' attribute is required."
"couverturepiscine";"118107";"Bâche à bulles pour Tobago - 400 µ - Bordée 1 coté - Bleu";"marquehabitatetjardin";"Descriptif :  Bâche à bulles bleu pour Tobago octogonale - Préserve la propreté de votre bassin - Absorbe l'énergie solaire - Rétention de la chaleur accumulée - Élimine l'évaporation d'eau - Évite la photosynthèse - Réduit l'utilisation des produits chimiques - Maintient la température la nuit.Matière :  Polyéthylène 400 µ.Dimensions de la bâche :  5.67 x 2.47 m.Colisage :  1 colis : - 1 x 1 x 1 m, 5 kg.";"3700746487963";"https://i.habitatetjardin.com/files/produits/641/bache_ete_max.jpg";"";"";"";"couleurrootbleu";"";"503";"MCM-05000|The 'media' attribute is required."
"couverturepiscine";"118355";"Bâche hiver pour piscine Caimans - 580 gr/m² - Bleu";"marquehabitatetjardin";"Descriptif :  Bâche hiver pour piscine Caimans octogonale allongée - illet tous les mètres - Bleue dessus - Livrée avec crochets plastiques hors sol - Protection de votre bassin contre salissures et feuilles - très résistante - légère et facile à mettre en place.Matière :  Polyéthylène tissé 580 gr/m².Dimensions de la bâche :  4.30 X 3.20 m.Dimensions de la piscine :  4.10 X 3.00 m.Colisage :  1 colis : - 1 x 1 x 1 m, 9 kg.";"3700746487772";"https://i.habitatetjardin.com/files/produits/641/bache_hiver_max.jpg";"";"";"";"couleurrootbleu";"";"505";"MCM-05000|The 'media' attribute is required."
"couverturepiscine";"118365";"Bâche à bulles pour Caimans - 400 µ - Bordée 1 coté - Bleu";"marquehabitatetjardin";"Descriptif :  Bâche à bulles bleu pour Caimans octogonale - Préserve la propreté de votre bassin - Absorbe l'énergie solaire - Rétention de la chaleur accumulée - Élimine l'évaporation d'eau - Évite la photosynthèse - Réduit l'utilisation des produits chimiques - Maintient la température la nuit.Matière :  Polyéthylène 400 µ.Dimensions de la bâche :  3.57 x 2.47 m.Colisage :  1 colis : - 1 x 1 x 1 m, 4 kg.";"3700746487819";"https://i.habitatetjardin.com/files/produits/641/bache_ete_max.jpg";"";"";"";"couleurrootbleu";"";"507";"MCM-05000|The 'media' attribute is required."
"couverturepiscine";"118367";"Bâche à bulles pour Caimans - 180 µ - Bleu";"marquehabitatetjardin";"Descriptif :  Bâche à bulles bleu pour Panama octogonale - Préserve la propreté de votre bassin - Absorbe l'énergie solaire - Rétention de la chaleur accumulée - Élimine l'évaporation d'eau - Évite la photosynthèse - Réduit l'utilisation des produits chimiques - Maintient la température la nuit.Matière :  Polyéthylène 180 µ.Dimensions de la bâche :  5.67 x 3.57 m.Colisage :  1 colis : - 1 x 1 x 1 m, 5 kg.";"3700746487826";"https://i.habitatetjardin.com/files/produits/641/bache_ete_max.jpg";"";"";"";"couleurrootbleu";"";"508";"MCM-05000|The 'media' attribute is required."
"couverturepiscine";"118369";"Bâche hiver pour piscine Caimans - 580 gr/m² - Bleu";"marquehabitatetjardin";"Descriptif :  Bâche hiver pour piscine Caimans octogonale allongée - illet tous les mètres - Bleue dessus - Livrée avec crochets plastiques hors sol - Protection de votre bassin contre salissures et feuilles - très résistante - légère et facile à mettre en place.Matière :  Polyéthylène tissé 580 gr/m².Dimensions de la bâche :  4.30 x 3.20 m.Dimensions de la piscine :  4.10 x 3.00 m.Colisage :  1 colis : - 1 x 1 x 1 m, 9 kg.";"3700746487833";"https://i.habitatetjardin.com/files/produits/641/bache_hiver_max.jpg";"";"";"";"couleurrootbleu";"";"509";"MCM-05000|The 'media' attribute is required."
"accessoiresdejardin";"19719";"Pompe Siphon";"marquehabitatetjardin";"DESCRIPTIF :  Usages variés : vidange d'aquarium, automobile, poêle à pétrole, plantes vertes, bricolage - Eau, vin, huile, produits d'entretien, produits chimiques, carburant MODE D'EMPLOI :  Presser le bulbe pour pomper ou siphonner . Pour stopper le siphon, devisser le bouchon Caracteristiques techniquesPoids :  1 kg.Colisage :  1 colis : - 1 x 1 x 1 m, 1 kg.";"3700746438040";"https://i.habitatetjardin.com/files/produits/1/1_syphon_vue0.jpg";"";"";"";"";"";"510";"MCM-05000|The 'media' attribute is required."
"entretienpiscine";"27531";"Traitement d'eau - Diffuseur de chlore flottant";"marquebestway";"DESCRIPTIF :    Diffuseur de chlore flottant pour piscine   Diffuse des tablettes de chlore et de brome   Cadran de contrôle pour ajuster la diffusion CARACTERISTIQUES TECHNIQUES :    Diamètre : 16,5 cm    Descriptif :  Diamètre de diffusion : 16.5 cm - Type : manuel - Contenance : chlore.Colisage :  1 colis : - 0,16 x 0,16 x 0,17 m, 3 kg.";"6942138918373";"https://i.habitatetjardin.com/files/produits/1/1_DCF_vue0.jpg";"";"";"";"";"";"512";"MCM-05000|The 'media' attribute is required."
"objetsetboitesadecorer";"37964";"Objet de décoration - Ensemble de 2 Bougeoirs en porcelaine - Couleur Noir";"marquehabitatetjardin";"Descriptif :  Objet de décoration - Ensemble de 2 bougeoirs avec décorations en suspension - Un superbe objet de décoration qui mettra en valeur votre intérieur. Ambiance chaleureuse assurée toute lannée.Couleur :  Coloris Noir.Type de produits :  Bougeoire.Motif :  Petits pendentifs en suspension.Matière :  Porcelaine.Dimensions :  Hauteur : 26 cm.";"3700746437982";"https://i.habitatetjardin.com/files/produits/712/825_6674black_vue0.jpg";"";"";"";"couleurrootnoir";"";"514";"MCM-05000|The 'media' attribute is required."
"aspirateuretsouffleursdejardin";"4297";"Pompe centrifuge ""DP06"" en plastique";"marquehabitatetjardin";"Pompe centrifuge à immersion ""DP06"" sur 2 piles R20.   Usage domestique.   Transvasement de liquide. Kérosène et huile légère.   Débit 7 à 9 L/mn, canne 370 mm, flexible 600 mm, masse 300 g.     Poids :  1 kg.Colisage :  1 colis : - 1 x 1 x 1 m, 1 kg.Type pompe :  Centrifuge.";"3700746486218";"https://i.habitatetjardin.com/files/produits/162/162_dp06.jpg";"";"";"";"";"";"515";"MCM-05000|The 'media' attribute is required."
"entretienpiscine";"49474";"Materiel d'hivernage - Kit d'hivernage pour piscine de 30m3";"marquehabitatetjardin";"Le kit matériel d'hivernage pour piscine de 30m3   2 Gizzmos à visser dans le fond du skimmer après avoir retiré le panier   3 bouchons caoutchouc 1"" 1/2 à poser sur le refoulement et la prise balai   12 flotteurs de 50 cm qui s'accrochent les uns aux autres et se posent en diagonale sur l'eau Poids :  15 kg.Colisage :  1 colis : - 0,48 x 0,34 x 0,515 m, 26 kg.";"3700746401228";"https://i.habitatetjardin.com/files/produits/470/470_Kitmat.jpg";"";"";"";"";"";"518";"MCM-05000|The 'media' attribute is required."
"couverturepiscine";"50986";"Enrouleur de Bâche été piscine hors-sol";"marquehabitatetjardin";"Pratique, cet enrouleur vous aidera à positionner rapidement votre bâche sur votre piscine. Clipsable sur les côtés, vous pourrez aisément l'enlever puis le repositionner à souhait.Utilisation :  Pour piscine hors-sol.Longueur :  De 6 à 9 m.Poids :  12 kg.Colisage :  2 colis : - 0,3 x 0,3 x 0,3 m, 5 kg - 2,46 x 0,16 x 0,9 m, 6,8 kg.";"3700746400160";"https://i.habitatetjardin.com/files/produits/932/932_bd4166_vue0.jpg";"https://i.habitatetjardin.com/files/produits/932/932_bd4166_vue1.jpg";"";"";"";"";"524";"MCM-05000|The 'media' attribute is required."
"entretienpiscine";"51815";"Materiel d'hivernage - Kit d'hivernage pour piscine jusqu'à 40m3";"marquehabitatetjardin";"Le kit matériel d'hivernage pour piscine jusqu'à 40m3                      2 Gizzmos à visser dans le fond du skimmer après avoir retiré le panier         3 bouchons caoutchouc 1"" 1/2 à poser sur le refoulement et la prise balai         20 flotteurs de 50 cm qui s'accrochent les uns aux autres et se posent en diagonale sur l'eau                     Poids :  39 kg.Colisage :  2 colis : - 0,48 x 0,345 x 0,515 m, 20 kg - 0,48 x 0,345 x 0,515 m, 19 kg.Type de produit :  Flotteurs.";"3700746401631";"https://i.habitatetjardin.com/files/produits/470/470_Kitmat.jpg";"";"";"";"";"";"530";"MCM-05000|The 'media' attribute is required."
"couverturepiscine";"55025";"Bâche à bulles pour piscine Rio - 400 µ - bordée 1 côté - Bleu";"marquehabitatetjardin";"Descriptif :  Bâche à bulles bleu pour piscine RIO octogonale - Préserve la propreté de votre bassin - Absorbe l'énergie solaire - Rétention de la chaleur accumulée - Élimine l'évaporation d'eau - Évite la photosynthèse - Réduit l'utilisation des produits chimiques - Maintient la température la nuit.Matière :  Polyéthylène 400 µ.Dimensions de la bâche :  5.07 X 3.16 m .Colisage :  1 colis : - 68 x 56 x 52 m, 6 kg.";"3700746438477";"https://i.habitatetjardin.com/files/produits/641/bache_ete_max.jpg";"";"";"";"couleurrootbleu";"";"539";"MCM-05000|The 'media' attribute is required."
"couverturepiscine";"55026";"Bâche à bulles pour Baléares / Cancun - 400µ - bordée 1 coté - Bleu";"marquehabitatetjardin";"Descriptif :  Bâche à bulles bleu pour Baléares / Cancun octogonale - Préserve la propreté de votre bassin - Absorbe l'énergie solaire - Rétention de la chaleur accumulée - Élimine l'évaporation d'eau - Évite la photosynthèse - Réduit l'utilisation des produits chimiques - Maintient la température la nuit.Matière :  Polyéthylène 400 µ.Dimensions de la bâche :  6.00 x 3.90 m.Colisage :  1 colis : - 0,9 x 0,6 x 0,6 m, 8 kg.";"3700746407565";"https://i.habitatetjardin.com/files/produits/641/bache_ete_max.jpg";"";"";"";"couleurrootbleu";"";"540";"MCM-05000|The 'media' attribute is required."
"couverturepiscine";"55027";"Bâche à bulles pour piscine Hawai - 400 µ - bordée 1 coté - Bleu";"marquehabitatetjardin";"Descriptif :  Bâche à bulles bleu pour piscine Hawaï hexagonale - Préserve la propreté de votre bassin - Absorbe l'énergie solaire - Rétention de la chaleur accumulée - Élimine l'évaporation d'eau - Évite la photosynthèse - Réduit l'utilisation des produits chimiques - Maintient la température la nuit.Matière :  Polyéthylène 400 µ.Dimensions de la bâche :  Ø 3.60 m.Colisage :  1 colis : - 1 x 1 x 1 m, 1 kg.";"3700746444799";"https://i.habitatetjardin.com/files/produits/641/bache_ete_max.jpg";"";"";"";"couleurrootbleu";"";"541";"MCM-05000|The 'media' attribute is required."
"couverturepiscine";"55029";"Bâche hiver cover1 pour piscine Rio 580 gr/m²";"marquehabitatetjardin";"Descriptif :  Bâche hiver pour piscine Rio octogonale allongée - Ourlet de renfort - Sandow périphérique - Trous d'évacuation des eaux pluviales - Traité anti-UV - Oeillet tous les 80 cm environ.Matière :  PVC 580 gr/m².Dimensions de la piscine :  5.60 X 3.70.Poids :  6.Colisage :  1 colis : - 68 x 56 x 52 m, 6 kg.";"3700746407206";"https://i.habitatetjardin.com/files/produits/641/bache_hiver_max.jpg";"";"";"";"couleurrootbleu";"";"542";"MCM-05000|The 'media' attribute is required."
"couverturepiscine";"55030";"Bâche hiver cover 1 pour piscine Baléares";"marquehabitatetjardin";"Descriptif :  Bâche hiver pour piscine Baléares octogonale allongée - Ourlet de renfort - Sandow périphérique - Trous d'évacuation des eaux pluviales - Traité anti-UV - Oeillet tous les 80 cm environ.Matière :  PVC 580 gr/m².Dimensions de la piscine :  6.50 x 4.40 m.Poids :  9.Colisage :  1 colis : - 0,90 x 0,60 x 0,60 m, 9 kg.";"3700746459786";"https://i.habitatetjardin.com/files/produits/897/bache_hiver_max.jpg";"";"";"";"couleurrootbleu";"";"543";"MCM-05000|The 'media' attribute is required."
"couverturepiscine";"55031";"Bâche hiver Cover 1 pour piscine Hawai - 580 gr/m²";"marquehabitatetjardin";"Descriptif :  Bâche hiver pour piscine Hawaï hexagonale - Ourlet de renfort - Sandow périphérique - Trous d'évacuation des eaux pluviales - Traité anti-UV - Oeillet tous les 80 cm environ.Matière :  PVC 580 gr/m².Dimensions de la piscine :  Ø 4.10 m.Colisage :  1 colis : - 1 x 1 x 1 m, 1 kg.";"3700746486560";"https://i.habitatetjardin.com/files/produits/641/bache_hiver_max.jpg";"";"";"";"couleurrootbleu";"";"544";"MCM-05000|The 'media' attribute is required."
"jeuxetjouetscreatifspourenfant";"60496";"Cabane enfant ""Happy"" - 1,30 x 1,11 x 1,15 m";"marquehabitatetjardin";"Cabane enfant ""Happy"" colorée et spacieuse pour des heures de jeux en plein air.  Cette cabane pour enfant en ravira plus d'un. Elle se compose d'une porte, de 2 fenêtres avec volets et d'une demi-porte arrière. Vos enfants pourront s'amuser comme des petits fous ! Son plus ? Cette cabane dispose de stikers inclus. A vous de les coller où bon vous semble.   Description de la cabaneDescriptif :  Cabane enfant en plastique Équipée d'une porte, deux fenêtres avec volets, d'une demi-porte et d'une fenêtre ouverte à larrière.Age minimum :  À partir de 2 ans.Caractéristiques techniquesMatière :  Polypropylène.Matériaux :  100 % polypropylène à haute résistance, anti-UV et résistant à l'eau.Toit :  Oui.Fenêtres :  2 fenêtres avec volets et 1 fenêtre ouverte à l'arrière.Porte :  1 porte et 1 demi-porte.Jardinière :  Non.Plancher :  Non.DimensionsDimensions de la cabane :  Dimensions totale de la cabane: - Longueur 130 cm - Largeur 111 cm - Hauteur 115 cm Dimensions de la porte : 44 x 81 cm.Poids :  15,6 kg.Conseils pratiquesSécurité - Certificat :  Conforme aux normes de sécurité CE.Difficulté de montage :  Facile à monter.Nombre de colis :  1 colis.Colisage :  1 colis : - 1,16 x 0,186 x 0,908 m, 16,9 kg.";"3700746488823";"https://i.habitatetjardin.com/files/produits/1173/cabane-enfant-60496_vue0.jpg";"https://i.habitatetjardin.com/files/produits/1173/cabane-enfant-60496_vue1.jpg";"https://i.habitatetjardin.com/files/produits/1173/cabane-enfant-60496_vue2.jpg";"";"";"";"560";"MCM-04031|The product identifiers match multiple products from the same provider."
"couverturepiscine";"61834";"Bâche à bulles pour piscine Ibiza / Sevilla - 400 µ - bordée 1 côté - Bleu";"marquehabitatetjardin";"Descriptif :  Bâche à bulles bleu pour piscine Ibiza / Sevilla octogonale - Préserve la propreté de votre bassin - Absorbe l'énergie solaire - Rétention de la chaleur accumulée - Élimine l'évaporation d'eau - Évite la photosynthèse - Réduit l'utilisation des produits chimiques - Maintient la température la nuit.Matière :  Polyéthylène 400 µ.Dimensions de la bâche :  8.04 x 4.04m.Colisage :  1 colis : - 1 x 1 x 1 m, 1 kg.";"3700746407411";"https://i.habitatetjardin.com/files/produits/1206/1206_61834_vue0.jpg";"";"";"";"couleurrootbleu";"";"570";"MCM-05000|The 'media' attribute is required."
"abrisbois";"64828";"Abri bûches - 1.58 m² - 2.20 x 0.69 x 1.83 m - 2 stéres";"marquehabitatetjardin";"Descriptif :  Cet abri bûches robuste permettra à votre bois de sécher efficacement, protégé des intempéries - Stockage 2 stères.Dimensions hors tout :  2.20 x 0.69 x 1.83 m.Dimensions intérieures :  2.10 x 0.50 x 1.70 m.Epaisseur madriers :  16 mm.Traitement :  Traitement autoclave classe 3.Nombre de stères :  2 stères.Livraison :  5 jours ouvrés.Poids :  49 kg.Colisage :  1 colis : - 2,2 x 0,8 x 0,85 m, 55 kg.Matiere :  Bois.Hauteur :  1.83 m.Surface M² :  1.43 m².";"3443440100188";"https://i.habitatetjardin.com/files/produits/1098/1098_17364_vue0.jpg";"https://i.habitatetjardin.com/files/produits/1098/1098_17364_vue1.jpg";"";"";"";"";"574";"MCM-05000|The 'media' attribute is required."
"couverturepiscine";"65399";"Bâche à bulles pour piscine Hawai - 180µ  - Bleu";"marquehabitatetjardin";"Colisage :  1 colis : - 1 x 1 x 1 m, 3 kg.";"3700746441866";"https://i.habitatetjardin.com/files/produits/641/bache_ete_max_Taille_2.jpg";"";"";"";"couleurrootbleu";"";"577";"MCM-05000|The 'media' attribute is required."
"couverturepiscine";"66544";"Bâche à  bulles pour piscine Palma / Havana - 400 µ - bordée 1 cà´té - Bleu";"marquehabitatetjardin";"Descriptif :  Bâche à bulles bleu pour Palma / Havana octogonale - Préserve la propreté de votre bassin - Absorbe l'énergie solaire - Rétention de la chaleur accumulée - Élimine l'évaporation d'eau - Évite la photosynthèse - Réduit l'utilisation des produits chimiques - Maintient la température la nuit.Matière :  Polyéthylène 400 µ.Dimensions de la bâche :  7.04 x 3.54 m.Colisage :  1 colis : - 68 x 56 x 52 m, 9 kg.";"3700746421547";"https://i.habitatetjardin.com/files/produits/1206/1206_61834_vue0.jpg";"";"";"";"couleurrootbleu";"";"598";"MCM-05000|The 'media' attribute is required."
"couverturepiscine";"66545";"Bâche à bulles pour piscine Brazilia - 400 µ - bordée 1 côté - Bleu";"marquehabitatetjardin";"Descriptif :  Bâche à bulles bleu pour piscine Brazilia octogonale - Préserve la propreté de votre bassin - Absorbe l'énergie solaire - Rétention de la chaleur accumulée - Élimine l'évaporation d'eau - Évite la photosynthèse - Réduit l'utilisation des produits chimiques - Maintient la température la nuit.Matière :  Polyéthylène 400 µ.Dimensions de la bâche :  5.33 x 3.33 m.Colisage :  1 colis : - 0,68 x 0,56 x 0,52 m, 7 kg.";"3700746421554";"https://i.habitatetjardin.com/files/produits/1206/1206_61834_vue0.jpg";"";"";"";"couleurrootbleu";"";"599";"MCM-05000|The 'media' attribute is required."
"couverturepiscine";"66546";"Bâche à bulles pour piscine Florida - 400 µ - bordée 1 coté - Bleu";"marquehabitatetjardin";"Descriptif :  Bâche à bulles bleu pour Florida octogonale - Préserve la propreté de votre bassin - Absorbe l'énergie solaire - Rétention de la chaleur accumulée - Élimine l'évaporation d'eau - Évite la photosynthèse - Réduit l'utilisation des produits chimiques - Maintient la température la nuit.Matière :  Polyéthylène 400 µ.Dimensions de la bâche :  6.04 x 4.04 m.Colisage :  1 colis : - 0,9 x 0,6 x 0,6 m, 9 kg.";"3700746421561";"https://i.habitatetjardin.com/files/produits/1206/1206_61834_vue0.jpg";"";"";"";"couleurrootbleu";"";"600";"MCM-05000|The 'media' attribute is required."
"couverturepiscine";"66547";"Bâche à bulles pour piscine Sao Paulo - 400 µ - bordée 1 côté - Bleu";"marquehabitatetjardin";"Descriptif :  Bâche à bulles bleu pour piscine Sao Paulo octogonale - Préserve la propreté de votre bassin - Absorbe l'énergie solaire - Rétention de la chaleur accumulée - Élimine l'évaporation d'eau - Évite la photosynthèse - Réduit l'utilisation des produits chimiques - Maintient la température la nuit.Matière :  Polyéthylène 400 µ.Dimensions de la bâche :  6.04 x 3.54 m.Colisage :  1 colis : - 90 x 60 x 60 m, 8 kg.";"3700746421578";"https://i.habitatetjardin.com/files/produits/1206/1206_61834_vue0.jpg";"";"";"";"couleurrootbleu";"";"601";"MCM-05000|The 'media' attribute is required."
"couverturepiscine";"66548";"Bâche à bulles pour piscine Miami - 400 µ - bordée 1 coté - Bleu";"marquehabitatetjardin";"Descriptif :  Bâche à bulles bleu pour piscine Miami octogonale - Préserve la propreté de votre bassin - Absorbe l'énergie solaire - Rétention de la chaleur accumulée - Élimine l'évaporation d'eau - Évite la photosynthèse - Réduit l'utilisation des produits chimiques - Maintient la température la nuit.Matière :  Polyéthylène 400 µ.Dimensions de la bâche :  4.42 X 2.92 m .Colisage :  1 colis : - 68 x 56 x 52 m, 5 kg.";"3700746421585";"https://i.habitatetjardin.com/files/produits/1206/1206_61834_vue0.jpg";"";"";"";"couleurrootbleu";"";"602";"MCM-05000|The 'media' attribute is required."
"couverturepiscine";"66552";"Bâche hiver ""Cover 1"" pour piscine Ibiza - 580 gr/m²";"marquehabitatetjardin";"Descriptif :  Bâche hiver pour piscine Ibiza octogonale allongée - Ourlet de renfort - Sandow périphérique - Trous d'évacuation des eaux pluviales - Traité anti-UV - Oeillet tous les 80 cm environ.Matière :  PVC 580 gr/m².Dimensions de la piscine :  8.57 x 4.57.Poids :  12 kg.Colisage :  1 colis : - 1 x 1 x 1 m, 1 kg.";"3700746421622";"https://i.habitatetjardin.com/files/produits/641/bache_hiver_max.jpg";"";"";"";"couleurrootbleu";"";"603";"MCM-05000|The 'media' attribute is required."
"couverturepiscine";"66577";"Bâche hiver ""Cover 1"" pour piscine Palma - 580 gr/m²";"marquehabitatetjardin";"Descriptif :  Bâche hiver pour piscine Palma octogonale allongée - Ourlet de renfort - Sandow périphérique - Trous d'évacuation des eaux pluviales - Traité anti-UV - Oeillet tous les 80 cm environ.Matière :  PVC 580 gr/m².Dimensions de la piscine :  7.51 x 4.07.Poids :  9 kg.Colisage :  1 colis : - 0,68 x 0,56 x 0,52 m, 9 kg.";"3700746421639";"https://i.habitatetjardin.com/files/produits/641/bache_hiver_max.jpg";"";"";"";"couleurrootbleu";"";"606";"MCM-05000|The 'media' attribute is required."
"couverturepiscine";"66578";"Bâche hiver ""Cover 1"" pour piscine Brazilia - 580 gr/m²";"marquehabitatetjardin";"Descriptif :  Bâche hiver pour piscine Brazilia octogonale allongée - Ourlet de renfort - Sandow périphérique - Trous d'évacuation des eaux pluviales - Traité anti-UV - Oeillet tous les 80 cm environ.Matière :  PVC 580 gr/m².Dimensions de la piscine :  5.86 x 3.86.Poids :  7 kg.Colisage :  1 colis : - 68 x 56 x 52 m, 7 kg.";"3700746421646";"https://i.habitatetjardin.com/files/produits/641/bache_hiver_max.jpg";"";"";"";"couleurrootbleu";"";"607";"MCM-05000|The 'media' attribute is required."
"couverturepiscine";"66579";"Bâche hiver ""Cover 1"" pour piscine Florida - 580 gr/m²";"marquehabitatetjardin";"Descriptif :  Bâche hiver pour piscine Florida octogonale allongée - Ourlet de renfort - Sandow périphérique - Trous d'évacuation des eaux pluviales - Traité anti-UV - Oeillet tous les 80 cm environ.Matière :  PVC 580 gr/m².Dimensions de la piscine :  6.57 x 4.57 m.Poids :  10 kg.Colisage :  1 colis : - 0,9 x 0,6 x 0,6 m, 10 kg.";"3700746421653";"https://i.habitatetjardin.com/files/produits/641/bache_hiver_max.jpg";"";"";"";"couleurrootbleu";"";"608";"MCM-05000|The 'media' attribute is required."
"couverturepiscine";"66580";"Bâche hiver ""Cover 1"" pour piscine Sao Paulo - 580 gr/m²";"marquehabitatetjardin";"Descriptif :  Bâche hiver pour piscine Sao Paulo octogonale allongée - Ourlet de renfort - Sandow périphérique - Trous d'évacuation des eaux pluviales - Traité anti-UV - Oeillet tous les 80 cm environ.Matière :  PVC 580 gr/m².Dimensions de la piscine :  6.57 x 4.07 m.Poids :  8 kg.Colisage :  1 colis : - 68 x 56 x 52 m, 8 kg.";"3700746421660";"https://i.habitatetjardin.com/files/produits/641/bache_hiver_max.jpg";"";"";"";"couleurrootbleu";"";"609";"MCM-05000|The 'media' attribute is required."
"couverturepiscine";"66581";"Bâche hiver ""Cover 1"" pour piscine Miami - 580 gr/m²";"marquehabitatetjardin";"Descriptif :  Bâche hiver pour piscine Miami octogonale - illet tous les mètres - Bleue dessus - Livrée avec crochets plastiques hors sol - Protection de votre bassin contre salissures et feuilles - très résistante - légère et facile à mettre en place.Matière :  PVC 580 gr/m².Dimensions de la piscine :  4.86 X 3.36 m.Poids :  5 kg.Colisage :  1 colis : - 0,68 x 0,56 x 0,52 m, 5 kg.";"3700746421677";"https://i.habitatetjardin.com/files/produits/641/bache_hiver_max.jpg";"";"";"";"couleurrootbleu";"";"610";"MCM-05000|The 'media' attribute is required."
"couverturepiscine";"66582";"Bâche hiver ""Cover 1"" pour piscine Cancun - 580 gr/m²";"marquehabitatetjardin";"Descriptif :  Bâche hiver pour piscine Cancun octogonale - Ourlet de renfort - Sandow périphérique - Trous d'évacuation des eaux pluviales - Traité anti-UV - Oeillet tous les 80 cm environ.Matière :  PVC 580 gr/m².Dimensions de la piscine :  6.53 x 4.41.Poids :  8 kg.Colisage :  1 colis : - 90 x 60 x 60 m, 8 kg.";"3700746421684";"https://i.habitatetjardin.com/files/produits/641/bache_hiver_max.jpg";"";"";"";"couleurrootbleu";"";"611";"MCM-05000|The 'media' attribute is required."
"couverturepiscine";"66583";"Bâche hiver ""Cover 1"" pour piscine Havana - 580 gr/m²";"marquehabitatetjardin";"Descriptif :  Bâche hiver pour piscine Havana octogonale allongée - Ourlet de renfort - Sandow périphérique - Trous d'évacuation des eaux pluviales - Traité anti-UV - Oeillet tous les 80 cm environ.Matière :  PVC 580 gr/m².Dimensions de la piscine :  7.51 x 4.07.Poids :  1 kg.Colisage :  1 colis : - 68 x 56 x 52 m, 9 kg.";"3700746421691";"https://i.habitatetjardin.com/files/produits/641/bache_hiver_max.jpg";"";"";"";"couleurrootbleu";"";"612";"MCM-05000|The 'media' attribute is required."
"couverturepiscine";"66584";"Bâche hiver ""Cover 1"" pour piscine Sevilla - 580 gr/m²";"marquehabitatetjardin";"Descriptif :  Bâche hiver pour piscine Séville octogonale allongée - Ourlet de renfort - Sandow périphérique - Trous d'évacuation des eaux pluviales - Traité anti-UV - Oeillet tous les 80 cm environ.Matière :  PVC 580 gr/m².Dimensions de la piscine :  8.57 x 4.57.Poids :  12 kg.Colisage :  1 colis : - 0,6 x 0,6 x 0,5 m, 12 kg.";"3700746421707";"https://i.habitatetjardin.com/files/produits/641/bache_hiver_max.jpg";"";"";"";"couleurrootbleu";"";"613";"MCM-05000|The 'media' attribute is required."
"couverturepiscine";"68779";"Bâche hiver ""Cover 1"" pour piscine Verona - 580 gr/m²";"marquehabitatetjardin";"Descriptif :  Bâche hiver pour piscine Verona octogonale - Ourlet de renfort - Sandow périphérique - Trous d'évacuation des eaux pluviales - Traité anti-UV - illet tous les 80 cm environ.Matière :  PVC 580 gr/m².Dimensions de la piscine :  5.10 x 1.20 m.Poids :  1 kg.Colisage :  1 colis : - 1 x 1 x 1 m, 1 kg.";"3700746428003";"https://i.habitatetjardin.com/files/produits/641/bache_hiver_max.jpg";"";"";"";"couleurrootbleu";"";"702";"MCM-05000|The 'media' attribute is required."
"couverturepiscine";"68782";"Bâche à bulles pour piscine Verona - 400 µ - bordée 1 côté - bleu";"marquehabitatetjardin";"Descriptif :  Bâche à bulles bleue pour piscine Miami octogonale - Préserve la propreté de votre bassin - Absorbe l'énergie solaire - Rétention de la chaleur accumulée - Élimine l'évaporation d'eau - Évite la photosynthèse - Réduit l'utilisation des produits chimiques - Maintient la température la nuit.Matière :  Polyéthylène 400 µ.Dimensions de la bâche :  4.71 x 1.16 m.Colisage :  1 colis : - 1 x 1 x 1 m, 1 kg.";"3700746428034";"https://i.habitatetjardin.com/files/produits/1206/1206_61834_vue0.jpg";"";"";"";"couleurrootbleu";"";"703";"MCM-05000|The 'media' attribute is required."
"couverturepiscine";"69001";"Bâche à bulles  pour piscine Venecia - 400 µ - bordée 1 côté - bleu";"marquehabitatetjardin";"Descriptif :  Forme octogonale - 400 microns.Dimensions de la bâche :  4.84 x 4.84 m.Colisage :  1 colis : - 1 x 1 x 1 m, 8 kg.";"3700746459830";"https://i.habitatetjardin.com/files/produits/1206/1206_61834_vue0.jpg";"";"";"";"couleurrootbleu";"";"708";"MCM-05000|The 'media' attribute is required."
"couverturepiscine";"69003";"Bâche hiver ""Cover 1"" pour piscine Venecia - 580 gr/m²";"marquehabitatetjardin";"Descriptif :  Bâche hiver pour piscine Venecia octogonale - Ourlet de renfort - Sandow périphérique - Trous d'évacuation des eaux pluviales - Traité anti-UV - Oeillet tous les 80 cm environ.Matière :  PVC 580 gr/m².Dimensions de la piscine :  5.80 X 1.31 m.Poids :  8 kgs.Colisage :  1 colis : - 1 x 1 x 1 m, 1 kg.";"3700746459847";"https://i.habitatetjardin.com/files/produits/641/bache_hiver_max.jpg";"";"";"";"couleurrootbleu";"";"709";"MCM-05000|The 'media' attribute is required."
"couverturepiscine";"80549";"Bâche à bulles pour piscine Miami - 180 µ - Bleu";"marquehabitatetjardin";"Descriptif :  Bâche à bulles bleu pour piscine Miami octogonale - Préserve la propreté de votre bassin - Absorbe l'énergie solaire - Rétention de la chaleur accumulée - Élimine l'évaporation d'eau - Évite la photosynthèse - Réduit l'utilisation des produits chimiques - Maintient la température la nuit.Matière :  Polyéthylène 180 µ.Dimensions de la bâche :  4.42 X 2.92 m .Colisage :  1 colis : - 61 x 43 x 41 m, 3 kg.";"3700746438484";"https://i.habitatetjardin.com/files/produits/1206/1206_61834_vue0.jpg";"";"";"";"couleurrootbleu";"";"856";"MCM-05000|The 'media' attribute is required."
"couverturepiscine";"80552";"Bâche à bulles pour piscine Rio - 180 µ - Bleu";"marquehabitatetjardin";"Descriptif :  Bâche à bulles bleu pour piscine Rio octogonale - Préserve la propreté de votre bassin - Absorbe l'énergie solaire - Rétention de la chaleur accumulée - Élimine l'évaporation d'eau - Évite la photosynthèse - Réduit l'utilisation des produits chimiques - Maintient la température la nuit.Matière :  Polyéthylène 180 µ.Dimensions de la bâche :  5.07 X 3.16 m .Colisage :  1 colis : - 61 x 43 x 41 m, 3 kg.";"3700746438491";"https://i.habitatetjardin.com/files/produits/641/bache_ete_max.jpg";"";"";"";"couleurrootbleu";"";"857";"MCM-05000|The 'media' attribute is required."
"couverturepiscine";"80568";"Bâche à bulles pour piscine Brazilia - 180µ - Bleu";"marquehabitatetjardin";"Descriptif :  Bâche à bulles bleu pour piscine Brazilia octogonale - Préserve la propreté de votre bassin - Absorbe l'énergie solaire - Rétention de la chaleur accumulée - Élimine l'évaporation d'eau - Évite la photosynthèse - Réduit l'utilisation des produits chimiques - Maintient la température la nuit.Matière :  Polyéthylène.Dimensions de la bâche :  5.33 x 3.33 m.Colisage :  1 colis : - ,68 x ,56 x ,52 m, 3 kg.";"3700746438507";"https://i.habitatetjardin.com/files/produits/1206/1206_61834_vue0.jpg";"";"";"";"couleurrootbleu";"";"858";"MCM-05000|The 'media' attribute is required."
"couverturepiscine";"80569";"Bâche à bulles pour piscine Sao Paulo - 180 µ - Bleu";"marquehabitatetjardin";"Descriptif :  Bâche à bulles bleu pour piscine Sao Paulo octogonale - Préserve la propreté de votre bassin - Absorbe l'énergie solaire - Rétention de la chaleur accumulée - Élimine l'évaporation d'eau - Évite la photosynthèse - Réduit l'utilisation des produits chimiques - Maintient la température la nuit.Matière :  Polyéthylène.Dimensions de la bâche :  6.04 x 3.54 m.Colisage :  1 colis : - 1 x 1 x 1 m, 1 kg.";"3700746438514";"https://i.habitatetjardin.com/files/produits/1206/1206_61834_vue0.jpg";"";"";"";"couleurrootbleu";"";"859";"MCM-05000|The 'media' attribute is required."
"couverturepiscine";"80571";"Bâche à bulles pour Baléares / Cancun - 180 µ - Bleu";"marquehabitatetjardin";"Descriptif :  Bâche à bulles bleu pour Baléares / Cancun octogonale - Préserve la propreté de votre bassin - Absorbe l'énergie solaire - Rétention de la chaleur accumulée - Élimine l'évaporation d'eau - Évite la photosynthèse - Réduit l'utilisation des produits chimiques - Maintient la température la nuit.Matière :  Polyéthylène 180 µ.Dimensions de la bâche :  6.00 x 3.90 m.Colisage :  1 colis : - 68 x 56 x 52 m, 4 kg.";"3700746438538";"https://i.habitatetjardin.com/files/produits/641/bache_ete_max.jpg";"";"";"";"couleurrootbleu";"";"860";"MCM-05000|The 'media' attribute is required."
"couverturepiscine";"80572";"Bâche à  bulles pour piscine Florida - 180 µ - Bleu";"marquehabitatetjardin";"Descriptif :  Bâche à bulles bleu pour Florida octogonale - Préserve la propreté de votre bassin - Absorbe l'énergie solaire - Rétention de la chaleur accumulée - Élimine l'évaporation d'eau - Évite la photosynthèse - Réduit l'utilisation des produits chimiques - Maintient la température la nuit.Matière :  Polyéthylène 180 µ.Dimensions de la bâche :  6.04 x 4.04 m.Colisage :  1 colis : - 1 x 1 x 1 m, 10 kg.";"3700746438545";"https://i.habitatetjardin.com/files/produits/1206/1206_61834_vue0.jpg";"";"";"";"couleurrootbleu";"";"861";"MCM-05000|The 'media' attribute is required."
"couverturepiscine";"80573";"Bâche à bulles pour piscine Ibiza / Sevilla - 180 µ - Bleu";"marquehabitatetjardin";"Descriptif :  Bâche à bulles bleu pour piscine Ibiza / Sevilla octogonale - Préserve la propreté de votre bassin - Absorbe l'énergie solaire - Rétention de la chaleur accumulée - Élimine l'évaporation d'eau - Évite la photosynthèse - Réduit l'utilisation des produits chimiques - Maintient la température la nuit.Matière :  Polyéthylène 180 µ.Dimensions de la bâche :  8.04 x 4.04 m.Colisage :  1 colis : - 1 x 1 x 1 m, 1 kg.";"3700746438552";"https://i.habitatetjardin.com/files/produits/1206/1206_61834_vue0.jpg";"";"";"";"couleurrootbleu";"";"862";"MCM-05000|The 'media' attribute is required."
"couverturepiscine";"80574";"Bâche hiver pour piscine Venecia - 280 gr/m² - Bleu";"marquehabitatetjardin";"Descriptif :  Bâche hiver pour piscine Venecia octogonale - illet tous les mètres - Bleue dessus - Livrée avec crochets plastiques hors sol - Protection de votre bassin contre salissures et feuilles - Très résistante - Légère et facile à mettre en place.Matière :  Polyéthylène tissé 280 gr/m².Dimensions de la bâche :  Ø 6.00 m.Dimensions de la piscine :  Ø 5.80 m.Poids :  8 kg.Colisage :  1 colis : - 0,6 x 0,4 x 0,2 m, 8 kg.";"3700746438569";"https://i.habitatetjardin.com/files/produits/641/bache_hiver_max.jpg";"";"";"";"couleurrootbleu";"";"863";"MCM-05000|The 'media' attribute is required."
"couverturepiscine";"80575";"Bâche hiver pour piscine Miami - 280 gr/mÂ² - Bleu";"marquehabitatetjardin";"Descriptif :  Bâche hiver pour piscine Miami octogonale allongé - illet tous les mètres - Bleue dessus - Livrée avec crochets plastiques hors sol - Protection de votre bassin contre salissures et feuilles - très résistante - légère et facile à mettre en place.Matière :  Polyéthylène tissé 280 gr/m².Dimensions de la bâche :  5.06 x 3.56 m.Poids :  5 kg.Colisage :  1 colis : - 0,6 x 0,4 x 0,2 m, 5 kg.";"3700746438576";"https://i.habitatetjardin.com/files/produits/641/bache_hiver_max.jpg";"";"";"";"couleurrootbleu";"";"864";"MCM-05000|The 'media' attribute is required."
"couverturepiscine";"80578";"Bâche hiver pour piscine Rio 280 g/m² - Bleu";"marquehabitatetjardin";"Descriptif :  Bâche hiver pour piscine Rio octogonale allongée - illet tous les mètres - Bleue dessus - Livrée avec crochets plastiques hors sol - Protection de votre bassin contre salissures et feuilles - très résistante - légère et facile à mettre en place.Matière :  Polyéthylène tissé 280 gr/m².Dimensions de la bâche :  5.80 x 3.90 m.Poids :  6 kg.Colisage :  1 colis : - 60 x 40 x 20 m, 6 kg.";"3700746438583";"https://i.habitatetjardin.com/files/produits/641/bache_hiver_max.jpg";"";"";"";"couleurrootbleu";"";"865";"MCM-05000|The 'media' attribute is required."
"couverturepiscine";"80580";"Bâche hiver pour piscine Brazilia - 280 gr/m² - Bleu";"marquehabitatetjardin";"Descriptif :  Bâche hiver pour piscine Brazilia octogonale allongée - illet tous les mètres - Bleue dessus - Livrée avec crochets plastiques hors sol - Protection de votre bassin contre salissures et feuilles - très résistante - légère et facile à mettre en place.Matière :  Polyéthylène tissé 280 gr/m².Dimensions de la bâche :  6.06 x 4.06 m.Poids :  7 kg.Colisage :  1 colis : - 0,6 x 0,4 x 0,2 m, 7 kg.";"3700746438590";"https://i.habitatetjardin.com/files/produits/641/bache_hiver_max.jpg";"";"";"";"couleurrootbleu";"";"866";"MCM-05000|The 'media' attribute is required."
"couverturepiscine";"80581";"Bâche hiver pour piscine Sao Paulo - 280 gr/m² - Bleu";"marquehabitatetjardin";"Descriptif :  Bâche hiver pour piscine Sao Paulo octogonale allongée - illet tous les mètres - Bleue dessus - Livrée avec crochets plastiques hors sol - Protection de votre bassin contre salissures et feuilles - très résistante - légère et facile à mettre en place.Matière :  Polyéthylène tissé 280 gr/m².Dimensions de la bâche :  6.77 x 4.27 m.Poids :  8 kg.Colisage :  1 colis : - 60 x 40 x 20 m, 8 kg.";"3700746438606";"https://i.habitatetjardin.com/files/produits/641/bache_hiver_max.jpg";"";"";"";"couleurrootbleu";"";"867";"MCM-05000|The 'media' attribute is required."
"couverturepiscine";"80582";"Bâche hiver pour piscine Palma / Havana - 280 gr/m² - bleu";"marquehabitatetjardin";"Descriptif :  Bâche hiver pour piscine Palma / Havana octogonale allongée - illet tous les mètres - Bleue dessus - Livrée avec crochets plastiques hors sol - Protection de votre bassin contre salissures et feuilles - très résistante - légère et facile à mettre en place.Matière :  Polyéthylène tissé 280 gr/m².Dimensions de la bâche :  7.77 x 4.27 m.Poids :  9 kg.Colisage :  1 colis : - 60 x 40 x 20 m, 9 kg.";"3700746438613";"https://i.habitatetjardin.com/files/produits/641/bache_hiver_max.jpg";"";"";"";"couleurrootbleu";"";"868";"MCM-05000|The 'media' attribute is required."
"couverturepiscine";"80583";"Bâche hiver pour piscine Baléares / Cancun 280 g/mÂ² - Bleu";"marquehabitatetjardin";"Descriptif :  Bâche hiver pour piscine Baléares / Cancun octogonale allongée - illet tous les mètres - Bleue dessus - Livrée avec crochets plastiques hors sol - Protection de votre bassin contre salissures et feuilles - très résistante - légère et facile à mettre en place.Matière :  Polyéthylène tissé 280 gr/m².Dimensions de la bâche :  6.70 x 4.60 m.Poids :  9 kg.Colisage :  1 colis : - 0,6 x 0,4 x 0,2 m, 9 kg.";"3700746438620";"https://i.habitatetjardin.com/files/produits/897/bache_hiver_max.jpg";"";"";"";"couleurrootbleu";"";"869";"MCM-05000|The 'media' attribute is required."
"couverturepiscine";"80584";"Bâche hiver pour piscine Florida - 280 gr/mÂ² - Bleu";"marquehabitatetjardin";"Descriptif :  Bâche hiver pour piscine Florida octogonale allongée - illet tous les mètres - Bleue dessus - Livrée avec crochets plastiques hors sol - Protection de votre bassin contre salissures et feuilles - très résistante - légère et facile à mettre en place - Livrée avec 36 crochets plastiques.Matière :  Polyéthylène tissé 280 gr/m².Dimensions de la bâche :  6.77 x 4.77 m.Poids :  10 kg.Colisage :  1 colis : - 0,6 x 0,4 x 0,2 m, 10 kg.";"3700746438637";"https://i.habitatetjardin.com/files/produits/641/bache_hiver_max.jpg";"";"";"";"couleurrootbleu";"";"870";"MCM-05000|The 'media' attribute is required."
"couverturepiscine";"80585";"Bâche hiver pour piscine Ibiza /  Sevilla - 280 gr/m² - Bleu";"marquehabitatetjardin";"Descriptif :  Bâche hiver pour piscine Ibiza / Sevilla octogonale allongée - illet tous les mètres - Bleue dessus - Livrée avec crochets plastiques hors sol - Protection de votre bassin contre salissures et feuilles - très résistante - légère et facile à mettre en place.Matière :  Polyéthylène tissé 280 gr/m².Dimensions de la bâche :  8.77 x 4.77 m.Poids :  12 kg.Colisage :  1 colis : - 60 x 40 x 20 m, 12 kg.";"3700746438644";"https://i.habitatetjardin.com/files/produits/641/bache_hiver_max.jpg";"";"";"";"couleurrootbleu";"";"871";"MCM-05000|The 'media' attribute is required."
"couverturepiscine";"81504";"Bâche à  bulles pour piscine Cordoue - 180 µ - Bleu";"marquehabitatetjardin";"Descriptif :  Bâche à bulles bleu pour piscine Cordoue octogonale - Préserve la propreté de votre bassin - Absorbe l'énergie solaire - Rétention de la chaleur accumulée - Élimine l'évaporation d'eau - Évite la photosynthèse - Réduit l'utilisation des produits chimiques - Maintient la température la nuit.Matière :  Polyéthylène 180 µ.Dimensions de la bâche :  2.96 X 1.63 m .Colisage :  1 colis : - 1 x 1 x 1 m, 1 kg.";"3700746439627";"https://i.habitatetjardin.com/files/produits/1206/1206_61834_vue0.jpg";"";"";"";"couleurrootbleu";"";"887";"MCM-05000|The 'media' attribute is required."
"couverturepiscine";"81505";"Bâche à bulles pour piscine Toledo - 180 µ - Bleu";"marquehabitatetjardin";"Descriptif :  Bâche à bulles bleu pour piscine Tolédo rectangulaire - Préserve la propreté de votre bassin - Absorbe l'énergie solaire - Rétention de la chaleur accumulée - Élimine l'évaporation d'eau - Évite la photosynthèse - Réduit l'utilisation des produits chimiques - Maintient la température la nuit.Matière :  Polyéthylène 180 µ.Dimensions de la bâche :  2.67 X 1.67 m .Colisage :  1 colis : - 1 x 1 x 1 m, 1 kg.";"3700746439634";"https://i.habitatetjardin.com/files/produits/1206/1206_61834_vue0.jpg";"";"";"";"couleurrootbleu";"";"888";"MCM-05000|The 'media' attribute is required."
"couverturepiscine";"81506";"Bâche à bulles pour piscine Lulu - 180 µ - Bleu";"marquehabitatetjardin";"Descriptif :  Bâche à bulles bleu pour piscine Lulu carré - Préserve la propreté de votre bassin - Absorbe l'énergie solaire - Rétention de la chaleur accumulée - Élimine l'évaporation d'eau - Évite la photosynthèse - Réduit l'utilisation des produits chimiques - Maintient la température la nuit.Matière :  Polyéthylène 180 µ.Dimensions de la bâche :  2 X 2 m .Colisage :  1 colis : - 1 x 1 x 1 m, 1 kg.";"3700746439641";"https://i.habitatetjardin.com/files/produits/1206/1206_61834_vue0.jpg";"";"";"";"couleurrootbleu";"";"889";"MCM-05000|The 'media' attribute is required."
"couverturepiscine";"81507";"Bâche à  bulles pour piscine Cordoue - 400 µ - bordée 1 coté - Bleu";"marquehabitatetjardin";"Descriptif :  Bâche à bulles bleu pour piscine Cordoue octogonale - Préserve la propreté de votre bassin - Absorbe l'énergie solaire - Rétention de la chaleur accumulée - Élimine l'évaporation d'eau - Évite la photosynthèse - Réduit l'utilisation des produits chimiques - Maintient la température la nuit.Matière :  Polyéthylène 400 µ.Dimensions de la bâche :  2.96 x1.63 m.Colisage :  1 colis : - 1 x 1 x 1 m, 1 kg.";"3700746439658";"https://i.habitatetjardin.com/files/produits/641/bache_ete_max.jpg";"";"";"";"couleurrootbleu";"";"890";"MCM-05000|The 'media' attribute is required."
"couverturepiscine";"81508";"Bâche à bulles pour piscine Toledo - 400 µ - bordée 1 coté - Bleu";"marquehabitatetjardin";"Descriptif :  Bâche à bulles bleu pour piscine Toledo rectangulaire - Préserve la propreté de votre bassin - Absorbe l'énergie solaire - Rétention de la chaleur accumulée - Élimine l'évaporation d'eau - Évite la photosynthèse - Réduit l'utilisation des produits chimiques - Maintient la température la nuit.Matière :  Polyéthylène 400 µ.Dimensions de la bâche :  2.67 x 1.67 m.Colisage :  1 colis : - 1 x 1 x 1 m, 1 kg.";"3700746439665";"https://i.habitatetjardin.com/files/produits/641/bache_ete_max.jpg";"";"";"";"couleurrootbleu";"";"891";"MCM-05000|The 'media' attribute is required."
"couverturepiscine";"81509";"Bâche à bulles pour piscine Lulu - 400 µ - bordée 1 coté - Bleu";"marquehabitatetjardin";"Descriptif :  Bâche à bulles bleu pour piscine Lulu carré - Préserve la propreté de votre bassin - Absorbe l'énergie solaire - Rétention de la chaleur accumulée - Élimine l'évaporation d'eau - Évite la photosynthèse - Réduit l'utilisation des produits chimiques - Maintient la température la nuit.Matière :  Polyéthylène 400 µ.Dimensions de la bâche :  2 x 2 m.Colisage :  1 colis : - 1 x 1 x 1 m, 1 kg.";"3700746439672";"https://i.habitatetjardin.com/files/produits/641/bache_ete_max.jpg";"";"";"";"couleurrootbleu";"";"892";"MCM-05000|The 'media' attribute is required."
"couverturepiscine";"81512";"Bâche hiver pour piscine Cordoue - 280 gr/m² - Bleu";"marquehabitatetjardin";"Descriptif :  Bâche hiver pour piscine Cordoue octogonale - illet tous les mètres - Bleu dessus - Livrée avec crochets plastiques hors sol - Protection de votre bassin contre salissures et feuilles - très résistante - légère et facile à mettre en place -.Matière :  Polyéthylène tissé 280 gr/m².Dimensions de la bâche :  3.49 x 2.16 m.Poids :  1 kg.Colisage :  1 colis : - 1 x 1 x 1 m, 1 kg.";"3700746439689";"https://i.habitatetjardin.com/files/produits/641/bache_hiver_max.jpg";"";"";"";"couleurrootbleu";"";"893";"MCM-05000|The 'media' attribute is required."
"couverturepiscine";"81513";"Bâche hiver pour piscine Toledo - 280 gr/m² - Bleu";"marquehabitatetjardin";"Descriptif :  Bâche hiver pour piscine Toledo rectangulaire - illet tous les mètres - Bleu dessus - Livrée avec crochets plastiques hors sol - Protection de votre bassin contre salissures et feuilles - très résistante - légère et facile à mettre en place -.Matière :  Polyéthylène tissé 280 gr/m².Dimensions de la bâche :  2 x 3 m.Poids :  1 kg.Colisage :  1 colis : - 1 x 1 x 1 m, 1 kg.";"3700746439696";"https://i.habitatetjardin.com/files/produits/641/bache_hiver_max.jpg";"";"";"";"couleurrootbleu";"";"894";"MCM-05000|The 'media' attribute is required."
"couverturepiscine";"81514";"Bâche hiver pour piscine Lulu - 280 gr/m² - Bleu";"marquehabitatetjardin";"Descriptif :  Bâche hiver pour piscine Lulu carré - illet tous les mètres - Bleu dessus - Livrée avec crochets plastiques hors sol - Protection de votre bassin contre salissures et feuilles - très résistante - légère et facile à mettre en place -.Matière :  Polyéthylène tissé 280 gr/m².Dimensions de la bâche :  2.96 x 2.96 m.Poids :  1 kg.Colisage :  1 colis : - 1 x 1 x 1 m, 1 kg.";"3700746439702";"https://i.habitatetjardin.com/files/produits/641/bache_hiver_max.jpg";"";"";"";"couleurrootbleu";"";"895";"MCM-05000|The 'media' attribute is required."
"couverturepiscine";"81519";"Bâche hiver ""Cover 1"" pour piscine Cordoue - 580 gr/m²";"marquehabitatetjardin";"Descriptif :  Bâche hiver pour piscine Cordoue octogonale - illet tous les mètres - Bleu dessus - Livrée avec crochets plastiques hors sol - Protection de votre bassin contre salissures et feuilles - Très résistante - légère et facile à mettre en place.Matière :  PVC 580 gr/m².Dimensions de la piscine :  3.49 X 2.16 m.Poids :  1 kg.Colisage :  1 colis : - 1 x 1 x 1 m, 1 kg.";"3700746439719";"https://i.habitatetjardin.com/files/produits/641/bache_hiver_max.jpg";"";"";"";"couleurrootbleu";"";"896";"MCM-05000|The 'media' attribute is required."
"couverturepiscine";"81521";"Bâche hiver ""Cover 1"" pour piscine Toledo - 580 gr/m²";"marquehabitatetjardin";"Descriptif :  Bâche hiver pour piscine Toledo rectangulaire - illet tous les mètres - Bleu dessus - Livrée avec crochets plastiques hors sol - Protection de votre bassin contre salissures et feuilles - Très résistante - légère et facile à mettre en place.Matière :  PVC 580 gr/m².Dimensions de la piscine :  2 X 3 m.Poids :  1 kg.Colisage :  1 colis : - 1 x 1 x 1 m, 1 kg.";"3700746439726";"https://i.habitatetjardin.com/files/produits/641/bache_hiver_max.jpg";"";"";"";"couleurrootbleu";"";"897";"MCM-05000|The 'media' attribute is required."
"couverturepiscine";"81522";"Bâche hiver ""Cover 1"" pour piscine Lulu - 580 gr/m²";"marquehabitatetjardin";"Descriptif :  Bâche hiver pour piscine Lulu carré - illet tous les mètres - Bleu dessus - Livrée avec crochets plastiques hors sol - Protection de votre bassin contre salissures et feuilles - Très résistante - légère et facile à mettre en place.Matière :  PVC 580 gr/m².Dimensions de la bâche :  2.96 x 2.96 m.Dimensions de la piscine :  2.26 X 2.26 m.Poids :  1 kg.Colisage :  1 colis : - 1 x 1 x 1 m, 1 kg.";"3700746439733";"https://i.habitatetjardin.com/files/produits/641/bache_hiver_max.jpg";"";"";"";"couleurrootbleu";"";"898";"MCM-05000|The 'media' attribute is required."
"couverturepiscine";"82354";"Bâche à bulles pour piscine Sunrise - 400 µ - bordée 1 coté - Bleu";"marquehabitatetjardin";"Descriptif :  Bâche à bulles bleu pour piscine Sunrise rectangle - Préserve la propreté de votre bassin - Absorbe l'énergie solaire - Rétention de la chaleur accumulée - Élimine l'évaporation d'eau - Évite la photosynthèse - Réduit l'utilisation des produits chimiques - Maintient la température la nuit.Matière :  Polyéthylène 400 µ.Dimensions de la bâche :  7.67 x 4.67 m.Colisage :  1 colis : - 1 x 1 x 1 m, 1 kg.";"3700746444508";"https://i.habitatetjardin.com/files/produits/641/bache_ete_max.jpg";"";"";"";"couleurrootbleu";"";"901";"MCM-05000|The 'media' attribute is required."
"couverturepiscine";"82391";"Bâche à bulles pour piscine Oceano - 400 µ - bordée 1 coté - Bleu";"marquehabitatetjardin";"Descriptif :  Bâche à bulles bleu pour piscine Sunrise rectangle - Préserve la propreté de votre bassin - Absorbe l'énergie solaire - Rétention de la chaleur accumulée - Élimine l'évaporation d'eau - Évite la photosynthèse - Réduit l'utilisation des produits chimiques - Maintient la température la nuit.Matière :  Polyéthylène 400 µ.Dimensions de la bâche :  7.67 x 4.67 m.Colisage :  1 colis : - 1 x 1 x 1 m, 1 kg.";"3700746459878";"https://i.habitatetjardin.com/files/produits/641/bache_ete_max.jpg";"";"";"";"couleurrootbleu";"";"903";"MCM-05000|The 'media' attribute is required."
"couverturepiscine";"82393";"Bâche à bulles pour piscine Murano - 400 µ - bordée 1 coté - Bleu";"marquehabitatetjardin";"Descriptif :  Bâche à bulles bleu pour piscine Sunrise rectangle - Préserve la propreté de votre bassin - Absorbe l'énergie solaire - Rétention de la chaleur accumulée - Élimine l'évaporation d'eau - Évite la photosynthèse - Réduit l'utilisation des produits chimiques - Maintient la température la nuit.Matière :  Polyéthylène 400 µ.Dimensions de la bâche :  7.67 x 4.67 m.Colisage :  1 colis : - 1 x 1 x 1 m, 1 kg.";"3700746459885";"https://i.habitatetjardin.com/files/produits/641/bache_ete_max.jpg";"";"";"";"couleurrootbleu";"";"904";"MCM-05000|The 'media' attribute is required."
"couverturepiscine";"82395";"Bâche hiver pour piscine Oceano - 280 gr/m² - Bleu";"marquehabitatetjardin";"Descriptif :  Bâche hiver pour piscine Lulu carré - illet tous les mètres - Bleu dessus - Livrée avec crochets plastiques hors sol - Protection de votre bassin contre salissures et feuilles - très résistante - légère et facile à mettre en place -.Matière :  Polyéthylène tissé 280 gr/m².Dimensions de la bâche :  2 x 2 m.Poids :  1 kg.Colisage :  1 colis : - 1 x 1 x 1 m, 1 kg.";"3700746474642";"https://i.habitatetjardin.com/files/produits/641/bache_hiver_max.jpg";"";"";"";"couleurrootbleu";"";"905";"MCM-05000|The 'media' attribute is required."
"couverturepiscine";"82399";"Bâche hiver ""Cover 1"" pour piscine Oceano - 580 gr/m²";"marquehabitatetjardin";"Descriptif :  Bâche hiver pour piscine Lulu carré - illet tous les mètres - Bleu dessus - Livrée avec crochets plastiques hors sol - Protection de votre bassin contre salissures et feuilles - Très résistante - légère et facile à mettre en place.Matière :  PVC 580 gr/m².Dimensions de la piscine :  2.24 X 2.24 m.Poids :  1 kg.Colisage :  1 colis : - 1 x 1 x 1 m, 1 kg.";"3700746459908";"https://i.habitatetjardin.com/files/produits/641/bache_hiver_max.jpg";"";"";"";"couleurrootbleu";"";"906";"MCM-05000|The 'media' attribute is required."
"couverturepiscine";"82401";"Bâche hiver ""Cover 1"" pour piscine Murano - 580 gr/m²";"marquehabitatetjardin";"Descriptif :  Bâche hiver pour piscine Lulu carré - illet tous les mètres - Bleu dessus - Livrée avec crochets plastiques hors sol - Protection de votre bassin contre salissures et feuilles - Très résistante - légère et facile à mettre en place.Matière :  PVC 580 gr/m².Dimensions de la piscine :  2.24 X 2.24 m.Poids :  1 kg.Colisage :  1 colis : - 1 x 1 x 1 m, 1 kg.";"3700746459915";"https://i.habitatetjardin.com/files/produits/641/bache_hiver_max.jpg";"";"";"";"couleurrootbleu";"";"907";"MCM-05000|The 'media' attribute is required."
"couverturepiscine";"82926";"Bâche à bulles pour piscine Tampa - 400 µ - bordée 1 coté - Bleu";"marquehabitatetjardin";"Descriptif :  Bâche à bulles bleu pour piscine Tampa rectangle - Préserve la propreté de votre bassin - Absorbe l'énergie solaire - Rétention de la chaleur accumulée - Élimine l'évaporation d'eau - Évite la photosynthèse - Réduit l'utilisation des produits chimiques - Maintient la température la nuit.Matière :  Polyéthylène 400 µ.Dimensions de la bâche :  7.67 x 4.67 m.Colisage :  1 colis : - 1 x 1 x 1 m, 1 kg.";"3700746459922";"https://i.habitatetjardin.com/files/produits/641/bache_ete_max.jpg";"";"";"";"couleurrootbleu";"";"908";"MCM-05000|The 'media' attribute is required."
"couverturepiscine";"82927";"Bâche hiver pour piscine Tampa - 280 gr/m² - Bleu";"marquehabitatetjardin";"Descriptif :  Bâche hiver pour piscine Tampa rectangle - illet tous les mètres - Bleu dessus - Livrée avec crochets plastiques hors sol - Protection de votre bassin contre salissures et feuilles - très résistante - légère et facile à mettre en place -.Matière :  Polyéthylène tissé 280 gr/m².Dimensions de la bâche :  7.90 x 4.90 m.Dimensions de la piscine :  7.20 x 4.20 m.Poids :  1 kg.Colisage :  1 colis : - 1 x 1 x 1 m, 1 kg.";"3700746459939";"https://i.habitatetjardin.com/files/produits/641/bache_hiver_max.jpg";"";"";"";"couleurrootbleu";"";"909";"MCM-05000|The 'media' attribute is required."
"couverturepiscine";"82928";"Bâche hiver ""Cover 1"" pour piscine Tampa - 580 gr/m²";"marquehabitatetjardin";"Descriptif :  Bâche hiver pour piscine Lulu carré - illet tous les mètres - Bleu dessus - Livrée avec crochets plastiques hors sol - Protection de votre bassin contre salissures et feuilles - Très résistante - légère et facile à mettre en place.Matière :  PVC 580 gr/m².Dimensions de la piscine :  7.67 x 4.67 m.Poids :  1 kg.Colisage :  1 colis : - 1 x 1 x 1 m, 1 kg.";"3700746459946";"https://i.habitatetjardin.com/files/produits/641/bache_hiver_max.jpg";"";"";"";"couleurrootbleu";"";"910";"MCM-05000|The 'media' attribute is required."
"tabourets";"83947";"Chaises ""Evoque"" - Blanc - Lot de 4";"marquehabitatetjardin";"Type de produits :  Chaises.Structure + matière :  Fer chromé - PU.Dossier :  Densité 28 kg.Assise :  Densité 32 kg.Pied :  Acier chromé.Dimensions (L x l x H cm) :  51 x 60 x 86.5 cm.Coloris :  Blanc.Poids :  7.75 kg.Colisage :  1 colis : - 0,5 x 0,69 x 0,56 m, 8,25 kg.";"3700746486294";"https://i.habitatetjardin.com/files/produits/854/chaise-83947_Taille_2.jpg";"";"";"";"";"";"933";"MCM-05000|The 'media' attribute is required."
"couverturepiscine";"89185";"Bâche hiver pour piscine Hawai - 280 gr/m²";"marquehabitatetjardin";"Descriptif :  Bâche hiver pour piscine Hawaï hexagonale - Ourlet de renfort - Sandow périphérique - Trous d'évacuation des eaux pluviales - Traité anti-UV - Oeillet tous les 80 cm environ.Matière :  PVC 580 gr/m².Dimensions de la piscine :  Ø 4.10 m.Colisage :  1 colis : - 1 x 1 x 1 m, 5 kg.";"3700746462304";"https://i.habitatetjardin.com/files/produits/641/bache_hiver_max.jpg";"";"";"";"couleurrootbleu";"";"1083";"MCM-05000|The 'media' attribute is required."
"couverturepiscine";"95424";"Bâche hiver pour piscine Lima - 280 gr/m² - Bleu";"marquehabitatetjardin";"Descriptif :  Bâche hiver pour piscine Lima octogonale allongée - illet tous les mètres - Bleue dessus - Livrée avec crochets plastiques hors sol - Protection de votre bassin contre salissures et feuilles - très résistante - légère et facile à mettre en place.Matière :  Polyéthylène tissé 280 gr/m².Dimensions de la bâche :  10.50 x 3.17 m.Colisage :  1 colis : - 1 x 1 x 1 m, 20 kg.";"3700746471092";"https://i.habitatetjardin.com/files/produits/641/bache_hiver_max.jpg";"";"";"";"couleurrootbleu";"";"1314";"MCM-05000|The 'media' attribute is required."
"couverturepiscine";"95425";"Bâche hiver pour piscine Santiago - 280 gr/m² - Bleu";"marquehabitatetjardin";"Descriptif :  Bâche hiver pour piscine Santiago octogonale allongée - illet tous les mètres - Bleue dessus - Livrée avec crochets plastiques hors sol - Protection de votre bassin contre salissures et feuilles - très résistante - légère et facile à mettre en place.Matière :  Polyéthylène tissé 280 gr/m².Dimensions de la bâche :  7.85 x 4.04 m.Colisage :  1 colis : - 1 x 1 x 1 m, 20 kg.";"3700746485624";"https://i.habitatetjardin.com/files/produits/641/bache_hiver_max.jpg";"";"";"";"couleurrootbleu";"";"1315";"MCM-05000|The 'media' attribute is required."
